,manage_no,approval_date,business_state,detailed_state,phone_no,store_size,postal_code,address,road_address,road_addr_postal_code,name,updated_date,renewed_date,type,coords_X,coords_Y,longitude,latitude
0,3200000-102-2014-00001,2014-01-17,영업/정상,영업,,46.31,151-930,서울특별시 관악구 신림동 1639-23,"서울특별시 관악구 남부순환로 1596, 나동 지하1층 (신림동)",8776,오예스노래빠,2023-03-10 11:00:21,2022-12-02 23:02:00.0,룸살롱,126.92801653285407,37.483795051297626,126.92801653285407,37.483795051297626
1,3200000-102-2000-10195,2000-03-17,영업/정상,영업,02 5254196,96.25,151-800,서울특별시 관악구 남현동 1061-22,서울특별시 관악구 과천대로 945 (남현동),8807,수,2023-03-14 17:29:22,2022-12-02 23:06:00.0,룸살롱,126.98139498960148,37.4749845680884,126.98139498960148,37.4749845680884
2,3200000-102-2007-00004,2007-09-28,영업/정상,영업,02  882 0778,82.52,151-848,서울특별시 관악구 봉천동 857-5 외 1필지 지하1층,"서울특별시 관악구 관악로 174 (봉천동,외 1필지 지하1층)",8788,텔미노래바,2023-03-02 17:08:28,2022-12-03 00:04:00.0,비어(바)살롱,126.95292960190493,37.48064238134562,126.95292960190493,37.48064238134562
3,3200000-102-2017-00001,2017-01-09,영업/정상,영업,,62.87,151-892,서울특별시 관악구 신림동 1432-76,"서울특별시 관악구 신림로 351, 지하1층 (신림동)",8760,사탕노래빠,2023-02-15 15:22:54,2022-12-01 23:07:00.0,룸살롱,126.92923082895676,37.48564743424582,126.92923082895676,37.48564743424582
4,3200000-102-2019-00005,20190910,영업/정상,영업,,68.57,151930,서울특별시 관악구 신림동 1640-30,"서울특별시 관악구 남부순환로176길 11, 지하1층 (신림동)",8776,여우노래빠,2022-11-17 10:08:40,2021-10-31 23:09:00.0,룸살롱,126.92856663941018,37.48345423580051,126.92856663941018,37.48345423580051
5,3200000-102-2002-00002,20020307,영업/정상,영업,,70.02,151890,서울특별시 관악구 신림동 1423-28,"서울특별시 관악구 봉천로12길 69, 지하1층 (신림동)",8754,루비,2022-10-20 10:41:23,2021-10-30 22:02:00.0,룸살롱,126.93032472478684,37.48573026177687,126.93032472478684,37.48573026177687
6,3200000-102-2000-10140,20000221,영업/정상,영업,02 8594657,152.60,151875,서울특별시 관악구 신림동 527-11,서울특별시 관악구 난곡로66길 14 (신림동),8761,자이노래빠,2022-04-14 13:44:12,2021-12-03 23:06:00.0,룸살롱,126.9152218638729,37.48251526802364,126.9152218638729,37.48251526802364
7,3200000-102-2023-00001,2023-02-03,영업/정상,영업,,95.21,151-834,서울특별시 관악구 봉천동 851-30,"서울특별시 관악구 관악로 192, 지층 (봉천동)",8737,청개구리,2023-02-02 13:34:33,2022-12-02 00:04:00.0,노래클럽,126.95363548774756,37.4821867536835,126.95363548774756,37.4821867536835
8,3200000-102-2000-10900,2000-07-13,영업/정상,영업,02 8679818,94.14,151-903,서울특별시 관악구 신림동 1655-9,"서울특별시 관악구 시흥대로 566, 지하1층 (신림동)",8769,B투B룸비지니스,2023-02-06 10:41:42,2022-12-02 00:08:00.0,룸살롱,126.90251154814354,37.48313085352787,126.90251154814354,37.48313085352787
9,3200000-102-2012-00004,20120601,영업/정상,영업,02 882 8590,272.00,151930,서울특별시 관악구 신림동 1640-2,서울특별시 관악구 남부순환로 1600 (신림동),8776,논다노래타운 신림점,2022-11-24 16:59:01,2021-10-31 22:06:00.0,간이주점,126.92850150524605,37.48376689376671,126.92850150524605,37.48376689376671
10,3200000-102-2022-00001,20220203,영업/정상,영업,,50.65,151930,서울특별시 관악구 신림동 1639-1 신림빌딩,"서울특별시 관악구 남부순환로 1588, 신림빌딩 3층 (신림동)",8776,망고노래빠,2022-04-19 13:31:47,2021-12-03 22:01:00.0,노래클럽,193480.726441546,442387.810878579,126.92707938812124,37.48365987683693
11,3200000-102-2000-07734,20001011,영업/정상,영업,02 8562262,95.34,151875,서울특별시 관악구 신림동 529-7,서울특별시 관악구 난곡로66길 7 (신림동),8761,W 노래빠,2022-06-15 10:08:52,2021-12-05 23:07:00.0,스텐드바,192393.663310822,442281.964358668,126.91478972409712,37.482697817135886
12,3200000-102-2022-00002,20220414,영업/정상,영업,,95.48,151892,서울특별시 관악구 신림동 1431-18,"서울특별시 관악구 신림동1길 25-6, 지하1층 (신림동)",8760,시크릿,2022-12-07 13:05:25,2021-11-02 00:09:00.0,룸살롱,193636.167519073,442688.22950769,126.92883424494973,37.48636774407898
13,3200000-102-2022-00003,20220621,영업/정상,영업,,66.02,151930,서울특별시 관악구 신림동 1640-29 제일빌딩,"서울특별시 관악구 남부순환로176길 9, 제일빌딩 2층 (신림동)",8776,아쿠아,2022-06-21 17:09:01,2021-12-05 22:03:00.0,룸살롱,193611.440762797,442378.040095469,126.9285573819392,37.48357276382314
14,3200000-102-2022-00004,20220621,영업/정상,영업,,65.28,151930,서울특별시 관악구 신림동 1640-29 제일빌딩,"서울특별시 관악구 남부순환로176길 9, 제일빌딩 2층 (신림동)",8776,깐부,2022-06-21 17:23:21,2021-12-05 22:03:00.0,룸살롱,193611.440762797,442378.040095469,126.9285573819392,37.48357276382314
15,3200000-102-2011-00005,20110818,영업/정상,영업,,58.98,151930,서울특별시 관악구 신림동 1639-19 지하1층,"서울특별시 관악구 남부순환로 1594-1, 지하1층 (신림동)",8776,플랙스(FLEX),2022-04-14 15:19:20,2021-12-03 23:06:00.0,룸살롱,193549.635165812,442401.403628917,126.92785837739416,37.483782835852274
16,3200000-102-2010-00007,20101008,영업/정상,영업,02  877 9705,58.06,151890,서울특별시 관악구 신림동 1424-11 3층,"서울특별시 관악구 신림로 356 (신림동,3층)",8754,세븐노래,2022-06-28 11:27:10,2021-12-05 21:00:00.0,룸살롱,193715.720946633,442661.600592493,126.92973396974836,37.48612836737644
17,3200000-102-2008-00008,20080612,영업/정상,영업,,80.86,151892,서울특별시 관악구 신림동 1432-73 지상4층,"서울특별시 관악구 신림로 353 (신림동,지상4층)",8760,딱따구리,2022-12-01 10:00:12,2021-11-02 00:03:00.0,룸살롱,193667.814824278,442621.679865443,126.92919265291452,37.48576835119263
18,3200000-102-2006-00004,20060830,영업/정상,영업,,271.46,151890,서울특별시 관악구 신림동 1422-17,서울특별시 관악구 남부순환로 1627 (신림동),8754,초콜렛바,2022-08-29 17:13:21,2021-12-07 21:01:00.0,스텐드바,193859.537537582,442511.026089094,126.93136133957802,37.48477266718475
19,3200000-102-2022-00005,20221202,영업/정상,영업,,93.82,151892,서울특별시 관악구 신림동 1431-2,"서울특별시 관악구 신림로 371, 지하1층 (신림동)",8760,상한가 노래빠,2022-12-02 15:55:57,2021-11-02 00:04:00.0,룸살롱,193615.55258116,442794.004950574,126.9286002296088,37.48732063735997
20,3200000-102-2000-10502,20000901,영업/정상,영업,02 8753379,86.54,151890,서울특별시 관악구 신림동 1423-19,서울특별시 관악구 봉천로12길 63 (신림동),8754,로얄,2022-04-14 16:33:58,2021-12-03 23:06:00.0,룸살롱,193768.214700377,442644.882774357,126.93032764752436,37.48597809888102
21,3200000-102-2001-11096,20010726,영업/정상,영업,02 8623310,95.69,151903,서울특별시 관악구 신림동 1655-23,"서울특별시 관악구 시흥대로 552-1, 지하1층 (신림동)",8768,New레이스노래바,2022-08-18 14:31:20,2021-12-07 22:00:00.0,룸살롱,191217.026445816,442233.874417452,126.9014869546222,37.48225401340006
22,3200000-102-2016-00004,2016-07-13,영업/정상,영업,,226.03,151-930,서울특별시 관악구 신림동 1640-38,서울특별시 관악구 신림로59길 12 (신림동),8776,썸 노래타운,2023-02-16 13:33:27,2022-12-01 23:08:00.0,고고(디스코)클럽,193654.690899311,442350.522803581,126.92904662411524,37.48332513376866
23,3200000-102-2012-00011,2012-12-20,영업/정상,영업,02  876 8090,503.22,151-930,서울특별시 관악구 신림동 1640-31,"서울특별시 관악구 신림로59길 14, 4층 (신림동)",8776,락휴노래타운,2023-02-16 14:51:53,2022-12-01 23:08:00.0,고고(디스코)클럽,193630.488645251,442347.332984944,126.92877301286164,37.48329622533405
24,3200000-102-1978-07839,19780704,영업/정상,영업,02 8784437,87.08,151849,서울특별시 관악구 봉천동 1674-20,서울특별시 관악구 남부순환로 1881 (봉천동),8739,플라워노래빠,2022-04-19 15:37:08,2021-12-03 22:01:00.0,룸살롱,196277.873623678,441900.422196056,126.95870756710607,37.47928418875627
25,3200000-102-2001-11185,2001-06-01,영업/정상,영업,02 8645716,28.93,151-876,서울특별시 관악구 신림동 530-4 지상1층,"서울특별시 관악구 조원로18길 29 (신림동,지상1층)",8767,뜨락,2023-02-06 16:55:57,2022-12-02 00:08:00.0,룸살롱,192321.146978145,442300.824077576,126.91396963807594,37.482867138661135
26,3200000-102-2003-00010,20030707,영업/정상,영업,02 5833784,77.75,151800,서울특별시 관악구 남현동 1061-25 지하1층,"서울특별시 관악구 과천대로 949 (남현동,지하1층)",8807,자이안트,2022-04-27 14:09:20,2021-12-03 22:09:00.0,룸살롱,198278.438025281,441456.81594997,126.98132651832144,37.47529331570759
27,3200000-102-2000-07769,2000-01-31,영업/정상,영업,02 8111103,83.58,151-876,서울특별시 관악구 신림동 538-35,"서울특별시 관악구 난곡로65길 3 (신림동, 지하1층)",8767,딸기노래빠,2023-02-24 15:19:17,2022-12-01 22:06:00.0,기타,192328.358750155,442236.449070109,126.9140518524253,37.48228717992299
28,3200000-102-2003-00013,20031216,영업/정상,영업,02 583 3784,74.89,151800,서울특별시 관악구 남현동 1061-25,"서울특별시 관악구 과천대로 949, 지하1층 (남현동)",8807,마카오노래짱,2022-10-12 15:15:16,2021-10-30 23:04:00.0,고고(디스코)클럽,198278.438025281,441456.81594997,126.98132651832144,37.47529331570759
29,3200000-102-2012-00009,2012-09-04,영업/정상,영업,02  868 1051,1302.26,151-902,서울특별시 관악구 신림동 1643,"서울특별시 관악구 시흥대로 578, 지하1층 (신림동)",8700,구디별밤,2023-02-24 09:40:02,2022-12-01 22:06:00.0,기타,191376.602183978,442456.748277117,126.90328851781368,37.48426362066461
30,3200000-102-2009-00012,2009-11-25,영업/정상,영업,,71.21,151-892,서울특별시 관악구 신림동 1431-10,"서울특별시 관악구 신림로 363-1, 3층 (신림동)",8760,선물 노래클럽,2023-02-03 11:45:18,2022-12-02 00:05:00.0,룸살롱,193646.560679034,442722.612162982,126.92895145878356,37.48667760410126
31,3200000-102-2000-07744,20000509,영업/정상,영업,02 8380066,79.31,151903,서울특별시 관악구 신림동 1655,"서울특별시 관악구 시흥대로 570, 지하1층 (신림동)",8769,수,2022-05-17 09:59:38,2021-12-04 23:09:00.0,기타,191303.792863813,442376.389028958,126.90246625632224,37.4835388966294
32,3200000-102-2016-00003,20160504,영업/정상,영업,,70.30,151892,서울특별시 관악구 신림동 1432-68번지 ,"서울특별시 관악구 신림로67길 5, 지하1층 (신림동)",8760,골드,2019-04-23 10:45:54,2019-04-25 02:40:00.0,노래클럽,193647.640968801,442655.087922177,126.92896426178056,37.48606921804103
33,3200000-102-1978-07760,19780817,영업/정상,영업,02  867 3611,80.40,151904,서울특별시 관악구 신림동 1669-8번지 지하1층 ,"서울특별시 관악구 남부순환로 1387 (신림동,지하1층)",8765,열창노래밤,2014-03-17 14:37:57,2018-08-31 23:59:59.0,룸살롱,191515.619722631,442019.817395065,126.90486538787292,37.48032816840541
34,3200000-102-2002-00001,20020304,영업/정상,영업,02 8530070,337.30,151894,서울특별시 관악구 신림동 1474-23 ,"서울특별시 관악구 남부순환로 1474, 지하1층 (신림동)",8771,아카데미 스탠드빠. 노래바,2021-06-09 10:46:17,2021-06-11 02:40:00.0,스텐드바,192342.66741419,442140.925842335,126.9142146301684,37.48142663471656
35,3200000-102-1986-07804,19861027,영업/정상,영업,02  879 1273,97.28,151891,서울특별시 관악구 신림동 1425-3 지하1층,"서울특별시 관악구 신림로70길 6, 지하1층 (신림동)",8753,B1노래빠,2022-06-21 09:12:51,2021-12-05 22:03:00.0,룸살롱,193675.984187553,442818.175103127,126.9292833171233,37.48753883015648
36,3200000-102-2002-00003,20020403,영업/정상,영업,02 8739954,67.82,151891,서울특별시 관악구 신림동 1425-13 ,"서울특별시 관악구 신림로 362, 지하1층 (신림동)",8753,두바이,2021-08-09 08:15:26,2021-08-11 02:40:00.0,룸살롱,193696.427549642,442721.31539019,126.92951530740518,37.48666626511173
37,3200000-102-2002-00004,20020408,영업/정상,영업,,65.10,151892,서울특별시 관악구 신림동 1433-114번지 지하1층 ,"서울특별시 관악구 남부순환로 1589 (신림동,지하1층)",8759,원투,2019-05-21 16:42:06,2019-05-23 02:40:00.0,룸살롱,193491.109023363,442451.099936196,126.92719621292528,37.48423018549576
38,3200000-102-2002-00005,20020411,영업/정상,영업,02 8722990,76.64,151890,서울특별시 관악구 신림동 1422-3번지 ,서울특별시 관악구 남부순환로185길 5 (신림동),8754,예랑노래,2019-05-09 14:41:11,2019-05-11 02:40:00.0,룸살롱,193943.316774088,442534.43767559,126.93230840058646,37.48498416433089
39,3200000-102-1987-07740,19870327,영업/정상,영업,02  877 1243,542.17,151930,서울특별시 관악구 신림동 1640-31번지 ,서울특별시 관악구 신림로59길 14 (신림동),8776,준코뮤직타운 신림2호점,2019-01-23 09:52:33,2019-01-25 02:40:00.0,고고(디스코)클럽,193630.488645251,442347.332984944,126.92877301286164,37.48329622533405
40,3200000-102-1999-11111,19990831,영업/정상,영업,02  875 0737,96.91,151890,"서울특별시 관악구 신림동 1421-41번지 48,49지하1층 ","서울특별시 관악구 신림로66길 20 (신림동,48,49지하1층)",8754,초코파이,2019-04-25 09:38:24,2019-04-27 02:40:00.0,룸살롱,193812.265841236,442582.038950851,126.9308262561732,37.48541217484144
41,3200000-102-1999-09467,19990911,영업/정상,영업,02 876 3155,78.30,151892,서울특별시 관악구 신림동 1432-50 지하1층 ,"서울특별시 관악구 신림로67길 14 (신림동,지하1층)",8760,뉴스타,2021-02-05 14:08:42,2021-02-07 02:40:00.0,룸살롱,193609.820973984,442664.555253934,126.92853655713604,37.486154255374366
42,3200000-102-1999-09428,19991007,영업/정상,영업,02  872 6954,53.48,151892,서울특별시 관악구 신림동 1431-19번지 ,서울특별시 관악구 신림로67길 6 (신림동),8760,찬스노래빠유흥주점,2019-08-21 10:40:07,2019-08-23 02:40:00.0,룸살롱,193636.137202873,442676.23448507,126.92883400686644,37.48625966868661
43,3200000-102-1999-09267,19991207,영업/정상,영업,02 8682778,89.07,151875,서울특별시 관악구 신림동 527-4 지하1층 ,"서울특별시 관악구 난곡로66길 8 (신림동,지하1층)",8761,황제 노래빠,2022-02-09 08:57:05,2022-02-11 02:40:00.0,룸살롱,192404.069803236,442253.439088232,126.91490767914362,37.482440890607634
44,3200000-102-2002-00011,20020830,영업/정상,영업,,43.55,151834,서울특별시 관악구 봉천동 851-3번지 ,서울특별시 관악구 관악로 204 (봉천동),8737,동경,2011-02-16 13:54:45,2018-08-31 23:59:59.0,룸살롱,195888.014021964,442308.732952529,126.9542975990231,37.48296139558453
45,3200000-102-1999-09324,19991118,영업/정상,영업,02 8544676,48.57,151876,서울특별시 관악구 신림동 538-2 지하1층,"서울특별시 관악구 남부순환로 1471 (신림동,지하1층)",8767,1.2.3.노래노래,2022-08-10 08:38:08,2021-12-07 23:03:00.0,룸살롱,192342.519273529,442214.191245685,126.91421218728348,37.482086755207
46,3200000-102-1999-09293,19991130,영업/정상,영업,,90.99,151800,서울특별시 관악구 남현동 1062-15,"서울특별시 관악구 남현1길 58, 지하2층 (남현동)",8806,남현 JMC(제이엠씨),2022-11-03 14:40:50,2021-11-01 00:05:00.0,룸살롱,198209.153690741,441502.542951079,126.9805431336174,37.47570518074162
47,3200000-102-1999-09670,19990611,영업/정상,영업,02  872 6888,68.30,151891,서울특별시 관악구 신림동 1425-9,서울특별시 관악구 신림로68길 9 (신림동),8753,99,2022-09-30 11:26:14,2021-10-31 00:02:00.0,룸살롱,193727.456510559,442715.01499032,126.9298662014875,37.48660971176957
48,3200000-102-2016-00005,20160905,영업/정상,영업,02 8827331,53.44,151930,서울특별시 관악구 신림동 1641-11 지하1층,서울특별시 관악구 신림로 322-3 (신림동),8777,A노래밤,2022-12-12 15:16:48,2021-11-01 23:04:00.0,룸살롱,193758.672607098,442324.492040958,126.93022250039166,37.483091311615006
49,3200000-102-2013-00004,20130828,영업/정상,영업,02  873 7959,53.71,151930,서울특별시 관악구 신림동 1639-21번지 ,"서울특별시 관악구 남부순환로 1594-6, 4층 (신림동)",8776,플라워뮤직,2015-11-10 13:21:34,2018-08-31 23:59:59.0,룸살롱,193562.320470182,442380.789481681,126.92800198470516,37.48359719158049
50,3200000-102-2003-00015,20031226,영업/정상,영업,02587 0333,43.05,151800,서울특별시 관악구 남현동 1061-59 ,서울특별시 관악구 과천대로 953 (남현동),8807,빙고,2021-07-22 09:26:05,2021-07-24 02:40:00.0,룸살롱,198275.013917658,441502.160724924,126.98128769817409,37.4757018666782
51,3200000-102-2001-07792,20010629,영업/정상,영업,02 8857756,86.61,151891,서울특별시 관악구 신림동 1428-5번지 ,서울특별시 관악구 봉천로 248 (신림동),8753,백만불,2014-04-30 10:56:02,2018-08-31 23:59:59.0,룸살롱,193638.099518708,442941.206069187,126.928853882184,37.488647076455166
52,3200000-102-1976-00001,19761209,영업/정상,영업,,95.22,151891,서울특별시 관악구 신림동 1429-16번지 ,"서울특별시 관악구 신림로 387, 지하1층 (신림동)",8707,보물섬,2020-04-02 16:13:52,2020-04-04 02:40:00.0,룸살롱,193567.255349472,442940.902180929,126.92805283920076,37.48864384307327
53,3200000-102-1977-07808,19770823,영업/정상,영업,02 8777865,94.74,151811,서울특별시 관악구 봉천동 859-1 ,서울특별시 관악구 중앙1가길 1 (봉천동),8745,별밤가요주점,2022-03-16 08:36:22,2022-03-18 02:40:00.0,카바레,195837.260161852,442361.085267664,126.95372346027987,37.48343285982418
54,3200000-102-1977-07833,19770904,영업/정상,영업,02 8833610,90.99,151891,서울특별시 관악구 신림동 1429-1번지 지하1층 ,"서울특별시 관악구 신림로 391 (신림동,지하1층)",8707,램프,2019-07-15 17:20:22,2019-07-17 02:40:00.0,룸살롱,193547.481187712,442986.213945228,126.92782884879492,37.48905196275627
55,3200000-102-1977-07777,19771111,영업/정상,영업,02  34742299,236.30,151800,서울특별시 관악구 남현동 1061-17번지 ,"서울특별시 관악구 과천대로 941, 지하1층 (남현동)",8807,준코뮤직타운 사당1호점,2019-01-23 09:48:54,2019-01-25 02:40:00.0,룸살롱,198278.931088754,441387.642519775,126.98133226007324,37.47467006221629
56,3200000-102-1977-07812,19771116,영업/정상,영업,,94.20,151834,서울특별시 관악구 봉천동 858-1번지 ,"서울특별시 관악구 봉천로 482, 지하1층 (봉천동)",8738,풀잎,2020-03-05 11:19:23,2020-03-07 02:40:00.0,룸살롱,195808.39718403,442170.016608274,126.95339822871485,37.48171119642391
57,3200000-102-2013-00001,20130116,영업/정상,영업,,57.66,151890,서울특별시 관악구 신림동 1422-6번지 ,"서울특별시 관악구 남부순환로 1633, 지하1층 (신림동)",8754,황금노래,2019-05-07 13:29:44,2019-05-09 02:40:00.0,룸살롱,193929.219227577,442519.630957965,126.93214912861512,37.48485066225932
58,3200000-102-2015-00001,20150519,영업/정상,영업,02  882 7738,65.08,151930,서울특별시 관악구 신림동 1640-30 ,"서울특별시 관악구 남부순환로176길 11, 2층 (신림동)",8776,퍼스트,2022-02-25 10:00:29,2022-02-27 02:40:00.0,스텐드바,193612.249353013,442364.884315111,126.92856663941018,37.48345423580051
59,3200000-102-2015-00002,20150610,영업/정상,영업,,94.39,151892,서울특별시 관악구 신림동 1433-88번지 ,"서울특별시 관악구 남부순환로 1595, 지하1층 (신림동)",8759,K9 노래,2020-05-09 14:30:59,2020-05-12 02:40:00.0,룸살롱,193536.030464395,442454.193464734,126.92770408907866,37.48425837657938
60,3200000-102-2015-00003,20151106,영업/정상,영업,,61.44,151890,서울특별시 관악구 신림동 1424-19번지 지하1층 ,"서울특별시 관악구 신림로 354, 지하1층 (신림동)",8754,비젼21노래빠,2015-11-06 11:11:49,2018-08-31 23:59:59.0,노래클럽,193727.444975053,442644.322203979,126.92986667932,37.485972769505096
61,3200000-102-2001-07790,20010623,영업/정상,영업,02 8829611,92.74,151892,서울특별시 관악구 신림동 1431-3,"서울특별시 관악구 신림로 369, 지하1층 (신림동)",8760,별나라,2022-11-02 16:35:24,2021-11-01 00:04:00.0,룸살롱,193620.638417218,442783.198406659,126.92865782945957,37.48722330586472
62,3200000-102-2019-00001,20190619,영업/정상,영업,,81.30,151891,서울특별시 관악구 신림동 1425-9 ,"서울특별시 관악구 신림로68길 9, 2층 (신림동)",8753,앵두노래빠,2021-07-29 08:14:05,2021-07-31 02:40:00.0,룸살롱,193727.456510559,442715.01499032,126.9298662014875,37.48660971176957
63,3200000-102-2019-00004,20190808,영업/정상,영업,,76.00,151890,서울특별시 관악구 신림동 1424-11 ,"서울특별시 관악구 신림로 356, 지하1층 1호 (신림동)",8754,깡노래빠,2021-10-20 14:24:39,2021-10-22 02:40:00.0,룸살롱,193715.720946633,442661.600592493,126.92973396974836,37.48612836737644
64,3200000-102-2019-00003,20190709,영업/정상,영업,,55.98,151892,서울특별시 관악구 신림동 1432-73번지 ,"서울특별시 관악구 신림로 353, 지하1층 (신림동)",8760,골든벨,2019-07-09 11:33:42,2019-07-11 02:21:33.0,룸살롱,193667.814824278,442621.679865443,126.92919265291452,37.48576835119263
65,3200000-102-2001-11090,2001-07-23,영업/정상,영업,02 5867069,83.58,151-800,서울특별시 관악구 남현동 1061-3,서울특별시 관악구 남현1길 68-6 (남현동),8807,두꺼비,2023-03-14 11:13:12,2022-12-02 23:06:00.0,룸살롱,198258.813290653,441491.304306948,126.98110457330894,37.475604018580434
66,3200000-102-2019-00002,20190702,영업/정상,영업,,75.50,151892,서울특별시 관악구 신림동 1432-73번지 ,"서울특별시 관악구 신림로 353, 지하1층 (신림동)",8760,줄넘기,2019-07-02 13:56:39,2019-07-04 02:21:28.0,룸살롱,193667.814824278,442621.679865443,126.92919265291452,37.48576835119263
67,3200000-102-2019-00006,20191007,영업/정상,영업,,64.23,151890,서울특별시 관악구 신림동 1424-11 ,"서울특별시 관악구 신림로 356, 지하1층 (신림동)",8754,뉴허니 노래바,2021-03-19 13:10:37,2021-03-21 02:40:00.0,룸살롱,193715.720946633,442661.600592493,126.92973396974836,37.48612836737644
68,3200000-102-2021-00002,20211216,영업/정상,영업,,315.71,151892,서울특별시 관악구 신림동 1432-79 WD호텔 ,"서울특별시 관악구 신림로 349, WD호텔 지하1층 (신림동)",8760,P9(피나인),2021-12-16 10:42:24,2021-12-18 00:22:42.0,룸살롱,193672.292011766,442595.201521853,126.9292435050081,37.48552981220176
69,3200000-102-2001-07806,20010103,영업/정상,영업,,67.00,151890,서울특별시 관악구 신림동 1421-63번지 ,서울특별시 관악구 신림로64길 9 (신림동),8754,도토리,2015-03-27 10:15:08,2018-08-31 23:59:59.0,룸살롱,193761.462122181,442552.376302214,126.93025208947384,37.485144569194745
70,3200000-102-2001-07803,20010203,영업/정상,영업,02  887 7420,73.27,151841,서울특별시 관악구 봉천동 894-16번지 ,서울특별시 관악구 청룡길 9 (봉천동),8786,도레미노래빠,2018-05-15 16:02:31,2018-08-31 23:59:59.0,비어(바)살롱,195190.792923603,442139.987785869,126.94641572595904,37.48143758648947
71,3200000-102-2001-07838,20010303,영업/정상,영업,028899913,90.19,151830,서울특별시 관악구 봉천동 971-14 ,"서울특별시 관악구 봉천로 239, 지하1층 (봉천동)",8722,딸기 노래룸,2021-07-15 15:40:25,2021-07-17 02:40:00.0,룸살롱,193595.070903582,443043.550424396,126.92836645204208,37.48956889867034
72,3200000-102-2001-10822,20010306,영업/정상,영업,02 8559878,97.44,151876,서울특별시 관악구 신림동 530-31번지 지하1층 ,"서울특별시 관악구 난곡로 323 (신림동,지하1층)",8767,파티파티,2018-05-17 17:39:24,2018-08-31 23:59:59.0,룸살롱,192332.463248269,442308.045653943,126.91409750713792,37.48293229982286
73,3200000-102-2001-07751,20010320,영업/정상,영업,02 8773640,91.68,151844,서울특별시 관악구 봉천동 927-1 ,서울특별시 관악구 남부순환로 1740 (봉천동),8784,백궁룸비지니스,2022-03-02 13:55:27,2022-03-04 02:40:00.0,룸살롱,194911.449656167,442195.395817975,126.94325706454876,37.48193529855699
74,3200000-102-2001-10870,20010329,영업/정상,영업,02  885 6885,75.33,151890,서울특별시 관악구 신림동 1422-11 ,서울특별시 관악구 남부순환로 1631-1 (신림동),8754,뉴 신세계,2022-03-15 15:18:29,2022-03-17 02:40:00.0,룸살롱,193916.414525933,442519.524068368,126.93200435213627,37.48484961409935
75,3200000-102-2001-10867,20010407,영업/정상,영업,02 8745637,66.81,151892,서울특별시 관악구 신림동 1433-109번지 ,서울특별시 관악구 신림로65길 47 (신림동),8759,피아노,2019-10-14 15:46:41,2019-10-16 02:40:00.0,룸살롱,193465.706143733,442500.71073096,126.92690855120938,37.48467699798721
76,3200000-102-2000-10539,20001011,영업/정상,영업,,63.92,151892,서울특별시 관악구 신림동 1431-23번지 지하1층 ,"서울특별시 관악구 신림동1길 25-3 (신림동,지하1층)",8760,용궁노래빠,2020-02-27 13:35:14,2020-02-29 02:40:00.0,룸살롱,193629.771841077,442701.734059525,126.9287618122649,37.48648937561379
77,3200000-102-2019-00007,20191107,영업/정상,영업,,285.99,151848,서울특별시 관악구 봉천동 857-1,"서울특별시 관악구 남부순환로 1830, 지하1층 전체호 (봉천동)",8788,달밤노래타운,2022-07-07 13:30:48,2021-12-06 23:02:00.0,기타,195786.612845254,442070.396810544,126.95315251105735,37.48081352007835
78,3200000-102-2001-10975,20010531,영업/정상,영업,02 8856998,62.26,151892,서울특별시 관악구 신림동 1433-44,서울특별시 관악구 남부순환로 1605 (신림동),8759,(秀)수 노래룸,2022-07-19 15:30:48,2021-12-06 22:01:00.0,룸살롱,193658.244384412,442468.349276831,126.92908577629368,37.48438677565052
79,3200000-102-2000-10587,20001024,영업/정상,영업,02 8736511,80.42,151835,서울특별시 관악구 봉천동 1599-1번지 ,서울특별시 관악구 남부순환로226길 12 (봉천동),8788,수(秀),2018-11-16 13:19:36,2018-11-18 02:37:05.0,룸살롱,195840.306537311,441989.627637451,126.95376003371764,37.48008603548721
80,3200000-102-2000-10592,20001026,영업/정상,영업,02  883 4026,73.67,151892,서울특별시 관악구 신림동 1431-1 ,"서울특별시 관악구 신림로 373, 지하1층 (신림동)",8760,썸씽노래빠,2021-03-04 11:20:12,2021-03-06 02:40:00.0,룸살롱,193610.378560826,442802.92355539,126.92854164905737,37.487400957877206
81,3200000-102-2000-10607,20001027,영업/정상,영업,02 5236625,31.23,151800,서울특별시 관악구 남현동 1061-16번지 ,서울특별시 관악구 남현1길 68-22 (남현동),8807,딸기,2019-11-29 16:31:21,2019-12-01 02:40:00.0,룸살롱,198268.135159088,441400.753885038,126.98121017955673,37.47478817506094
82,3200000-102-2000-10626,20001106,영업/정상,영업,02  878 5340,95.40,151809,서울특별시 관악구 봉천동 62-33번지 ,"서울특별시 관악구 관악로 208-4, 지하1층 (봉천동)",8737,마이웨이,2018-01-30 18:00:31,2018-08-31 23:59:59.0,룸살롱,195914.894574872,442324.598184726,126.95460142921712,37.48310446257307
83,3200000-102-2000-10641,20001115,영업/정상,영업,02,86.35,151890,서울특별시 관악구 신림동 1421-61 ,서울특별시 관악구 신림로66길 10 (신림동),8754,도깨비,2020-10-16 09:56:52,2020-10-18 02:40:00.0,룸살롱,193762.098062988,442570.919052478,126.93025912115002,37.485311643790205
84,3200000-102-2001-11187,20010915,영업/정상,영업,02 2366826,69.50,151809,서울특별시 관악구 봉천동 62-19번지 ,서울특별시 관악구 관악로 208-40 (봉천동),8737,초콜릿,2020-03-20 09:10:20,2020-03-22 02:40:00.0,룸살롱,195935.219212734,442326.286164915,126.95483121662532,37.4831197623113
85,3200000-102-1999-09225,19991222,영업/정상,영업,02 8891560,259.84,151890,서울특별시 관악구 신림동 1423-4번지 ,서울특별시 관악구 봉천로12길 49 (신림동),8754,궁전(미남클럽),2019-11-20 13:31:29,2019-11-22 02:40:00.0,룸살롱,193755.14368469,442698.285576063,126.93017939935346,37.4864591691338
86,3200000-102-1999-09211,19991223,영업/정상,영업,02 5980312,169.84,151800,서울특별시 관악구 남현동 1060-4번지 지하1층 ,"서울특별시 관악구 남부순환로 2082-29, 지하1층 (남현동)",8806,7080놀이터,2019-08-14 17:03:29,2019-08-16 02:40:00.0,룸살롱,198215.79929384,441548.607171275,126.98061814799038,37.47612023383201
87,3200000-102-1999-07820,19991223,영업/정상,영업,02 8878151,144.64,151891,서울특별시 관악구 신림동 1425-8번지 ,서울특별시 관악구 봉천로12길 42 (신림동),8753,탈렌트,2018-12-17 10:56:31,2018-12-19 02:40:00.0,룸살롱,193717.876773648,442733.564216119,126.92975772505348,37.48677677459576
88,3200000-102-1999-07747,19991223,영업/정상,영업,,80.45,151892,서울특별시 관악구 신림동 1431-7번지 ,"서울특별시 관악구 신림로 365, 지하1층 (신림동)",8760,올리브,2018-11-28 11:35:44,2018-11-30 02:40:00.0,룸살롱,193637.451330276,442741.110638087,126.92884829928036,37.4868442120908
89,3200000-102-1999-10046,19991230,영업/정상,영업,02 8666881,67.38,151876,서울특별시 관악구 신림동 538-1번지 ,서울특별시 관악구 난곡로 317 (신림동),8767,금보노래바,2018-10-05 12:11:30,2018-10-07 02:36:58.0,카바레,192344.104165473,442239.730505715,126.91422983865772,37.48231687731554
90,3200000-102-2013-00005,20130828,영업/정상,영업,,55.32,151930,서울특별시 관악구 신림동 1639-21번지 ,"서울특별시 관악구 남부순환로 1594-6, 3층 (신림동)",8776,플로우뮤직,2013-08-28 13:35:23,2018-08-31 23:59:59.0,룸살롱,193562.320470182,442380.789481681,126.92800198470516,37.48359719158049
91,3200000-102-2013-00006,20131122,영업/정상,영업,02  888 4288,79.79,151892,서울특별시 관악구 신림동 1433-32 ,"서울특별시 관악구 남부순환로 1599-4, 지하1층 (신림동)",8759,스카이,2022-03-21 11:29:36,2022-03-23 02:40:00.0,룸살롱,193600.137347389,442484.563820437,126.92842864629378,37.48453246421062
92,3200000-102-2013-00007,20131127,영업/정상,영업,,59.63,151890,서울특별시 관악구 신림동 1424-5번지 ,"서울특별시 관악구 봉천로12길 54, 2층 (신림동)",8754,봉봉노래바,2015-07-24 16:29:06,2018-08-31 23:59:59.0,기타,193736.372635003,442685.971378868,126.92996726426254,37.48634808985503
93,3200000-102-2014-00008,20140814,영업/정상,영업,02  878 0950,99.21,151890,서울특별시 관악구 신림동 1424-11,"서울특별시 관악구 신림로 356, 3층 (신림동)",8754,잠자리,2022-06-13 11:33:49,2021-12-05 23:06:00.0,스텐드바,193715.720946633,442661.600592493,126.92973396974836,37.48612836737644
94,3200000-102-2014-00004,20140414,영업/정상,영업,02  883 2468,76.43,151892,서울특별시 관악구 신림동 1433-102 ,"서울특별시 관악구 남부순환로 1591, 지하1층 (신림동)",8759,캔디노래빠,2021-04-07 17:34:37,2021-04-09 02:40:00.0,룸살롱,193506.453613619,442451.538877664,126.92736970238664,37.48423424935909
95,3200000-102-2001-07814,20010907,영업/정상,영업,02 8761670,79.04,151811,서울특별시 관악구 봉천동 859-34,서울특별시 관악구 봉천로 473 (봉천동),8745,카톡노래바,2022-12-08 11:14:56,2021-11-01 23:00:00.0,룸살롱,195756.639383407,442242.841002512,126.95281262344876,37.4823671054091
96,3200000-102-2015-00004,20151130,영업/정상,영업,,94.98,151848,서울특별시 관악구 봉천동 854-2번지 ,"서울특별시 관악구 남부순환로224길 13, 지하1층 (봉천동)",8788,딸기,2018-01-30 15:21:52,2018-08-31 23:59:59.0,룸살롱,195807.163259246,442004.31519752,126.95338523539732,37.48021821859973
97,3200000-102-2016-00001,20160222,영업/정상,영업,02  871 4001,55.00,151892,서울특별시 관악구 신림동 1432-86번지 ,"서울특별시 관악구 신림로65길 10, 지하1층 (신림동)",8760,여자친구노래빠,2016-12-27 15:38:53,2018-08-31 23:59:59.0,룸살롱,193643.063057974,442562.62693704,126.92891330656396,37.48523611246116
98,3200000-102-2002-00015,20021024,영업/정상,영업,02 877 1320,81.54,151809,서울특별시 관악구 봉천동 62-3번지 지하 1층 ,"서울특별시 관악구 관악로 206 (봉천동,지하 1층)",8737,도레미노래뱅크,2013-03-26 15:49:31,2018-08-31 23:59:59.0,룸살롱,195907.768174812,442331.416801412,126.95452081737692,37.48316586636867
99,3200000-102-2002-00016,20021112,영업/정상,영업,02882 4141,73.77,151834,서울특별시 관악구 봉천동 852-6번지 지하1층 ,"서울특별시 관악구 남부순환로 1829-6 (봉천동,지하1층)",8738,피플노래빠,2020-04-20 16:47:56,2020-04-22 02:40:00.0,룸살롱,195839.442890886,442127.718823297,126.95374947749283,37.48133023521239
100,3200000-102-2003-00001,20030214,영업/정상,영업,,62.20,151892,서울특별시 관악구 신림동 1433-36 ,"서울특별시 관악구 신림로63길 9, 지하1층 (신림동)",8759,샴푸,2020-08-10 13:28:45,2020-08-12 02:40:00.0,룸살롱,193649.313171487,442481.007638064,126.92898468521074,37.4845007656068
101,3200000-102-2001-11102,20010802,영업/정상,영업,02  871 7079,93.33,151930,서울특별시 관악구 신림동 1639-64 ,"서울특별시 관악구 신림로59길 28, 지하1층 (신림동)",8776,럭키노래빠,2020-09-17 09:36:55,2020-09-19 02:40:00.0,룸살롱,193580.475491394,442312.058675075,126.92820785744672,37.482978054076085
102,3200000-102-2002-00014,2002-10-23,영업/정상,영업,02 8829771,121.28,151-810,서울특별시 관악구 봉천동 33-3 지하1층,"서울특별시 관악구 관악로 222 (봉천동,지하1층)",8737,이브룸,2023-03-15 16:39:56,2022-12-02 23:07:00.0,룸살롱,195999.282149107,442463.795943253,126.9555547739724,37.48435901084554
103,3200000-102-2011-00001,20110308,영업/정상,영업,02 8760511,60.36,151892,서울특별시 관악구 신림동 1431-7번지 ,"서울특별시 관악구 신림로 365, 지하1층 (신림동)",8760,신세계,2018-11-28 11:49:09,2018-11-30 02:40:00.0,룸살롱,193637.451330276,442741.110638087,126.92884829928036,37.4868442120908
104,3200000-102-2000-10148,20000226,영업/정상,영업,02,67.50,151800,서울특별시 관악구 남현동 1061-12번지 ,서울특별시 관악구 남현1길 68-14 (남현동),8807,룸쌕쌕클럽,2019-06-04 17:00:37,2019-06-06 02:40:00.0,룸살롱,198262.406512171,441440.427426397,126.98114531978476,37.47514562357636
105,3200000-102-2000-10155,20000302,영업/정상,영업,02 8780119,93.61,151930,서울특별시 관악구 신림동 1639-1번지 ,서울특별시 관악구 남부순환로 1588 (신림동),8776,딸기,2020-03-06 16:20:08,2020-03-08 02:40:00.0,룸살롱,193480.726441546,442387.810878579,126.92707938812124,37.48365987683693
106,3200000-102-2000-10212,20000324,영업/정상,영업,02 8397474,105.89,151894,서울특별시 관악구 신림동 1474-18번지 ,서울특별시 관악구 남부순환로 1472 (신림동),8771,골든벨노래바,2018-10-04 09:12:07,2018-10-06 02:37:13.0,카바레,192325.620269134,442139.072741095,126.9140219136217,37.48140979570446
107,3200000-102-2008-00011,20000418,영업/정상,영업,02  838 1742,66.51,151904,서울특별시 관악구 신림동 1669-11 지하1층 ,"서울특별시 관악구 조원중앙로 6 (신림동,지하1층)",8765,열린노래밤,2020-10-16 10:03:12,2020-10-18 02:40:00.0,룸살롱,191494.104541209,442029.171025043,126.90462203079151,37.48041224544931
108,3200000-102-2000-10226,20000331,영업/정상,영업,02 5221082,81.90,151800,서울특별시 관악구 남현동 1061-11 가호,"서울특별시 관악구 남현1길 68-14 (남현동,가호)",8807,노래하는탑스타,2022-06-08 15:23:30,2021-12-05 23:00:00.0,룸살롱,198260.790961903,441450.197751697,126.98112703187472,37.47523365131369
109,3200000-102-1999-09234,19991218,영업/정상,영업,02 8761037,94.73,151892,서울특별시 관악구 신림동 1431-3,서울특별시 관악구 신림로 369 (신림동),8760,천사노래밤,2022-12-13 13:23:44,2021-11-01 23:05:00.0,룸살롱,193620.638417218,442783.198406659,126.92865782945957,37.48722330586472
110,3200000-102-2000-10363,20000616,영업/정상,영업,02 8755038,89.81,151875,서울특별시 관악구 신림동 527-7번지 ,서울특별시 관악구 난곡로66길 6 (신림동),8761,서울노래바,2020-03-06 16:00:37,2020-03-08 02:40:00.0,카바레,192395.25821024,442251.340878209,126.91480807525676,37.48242191265888
111,3200000-102-2000-10305,20000516,영업/정상,영업,02 877 9195,69.30,151890,서울특별시 관악구 신림동 1422-42,서울특별시 관악구 남부순환로 1615 (신림동),8754,주색 노래빠,2023-01-06 10:45:33,2022-12-01 00:08:00.0,룸살롱,193748.030800777,442485.610696251,126.9301007991528,37.48454291907172
112,3200000-102-2001-07834,20010417,영업/정상,영업,,86.36,151891,서울특별시 관악구 신림동 1430-5번지 ,서울특별시 관악구 신림로 381 (신림동),8707,논개,2019-09-19 16:58:01,2019-09-21 02:40:00.0,룸살롱,193583.55649352,442888.304004151,126.92823762157307,37.48817004801472
113,3200000-102-2001-07796,20010420,영업/정상,영업,02  797 6121,105.53,151849,서울특별시 관악구 봉천동 1673-16번지 ,서울특별시 관악구 남부순환로 1869 (봉천동),8739,탑노래빠,2019-04-17 14:26:15,2019-04-19 02:40:00.0,룸살롱,196172.424814579,441954.770221655,126.9575151026068,37.47977342749191
114,3200000-102-2021-00001,20210115,영업/정상,영업,,76.82,151930,서울특별시 관악구 신림동 1639-1 신림빌딩 ,"서울특별시 관악구 남부순환로 1588, 신림빌딩 3층 302호 (신림동)",8776,체리노래빠,2021-01-15 11:49:37,2021-01-17 00:23:04.0,룸살롱,193480.726441546,442387.810878579,126.92707938812124,37.48365987683693
115,3200000-102-1999-09268,19991209,영업/정상,영업,02 8675534,143.67,151875,서울특별시 관악구 신림동 527-9번지 ,서울특별시 관악구 남부순환로 1481 (신림동),8761,킹노래빠,2018-04-05 16:27:01,2018-08-31 23:59:59.0,룸살롱,192421.599066003,442233.785068248,126.91510607260987,37.48226395288501
116,3200000-102-2000-10070,20000114,영업/정상,영업,,65.00,151800,서울특별시 관악구 남현동 1061-16번지 ,"서울특별시 관악구 남현1길 68-22, 지하1층 (남현동)",8807,봉봉,2019-11-08 17:13:32,2019-11-10 02:40:00.0,룸살롱,198268.135159088,441400.753885038,126.98121017955673,37.47478817506094
117,3200000-102-2000-10106,20000203,영업/정상,영업,,73.08,151892,서울특별시 관악구 신림동 1432-77,서울특별시 관악구 신림로 355 (신림동),8760,자몽노래크럽,2022-07-04 13:24:26,2021-12-07 00:06:00.0,룸살롱,193668.136887283,442651.560541445,126.92919603488576,37.4860375784024
118,3200000-102-2000-10083,20000118,영업/정상,영업,02 8776234,95.79,151892,서울특별시 관악구 신림동 1432-176 ,서울특별시 관악구 신림동길 7 (신림동),8760,삼바,2021-10-29 15:03:47,2021-10-31 02:40:00.0,룸살롱,193559.679825534,442789.130076595,126.92796852219638,37.48727632318311
119,3200000-102-2000-07826,20000222,영업/정상,영업,02  876 0155,96.58,151892,서울특별시 관악구 신림동 1431-12번지 ,"서울특별시 관악구 신림로 363, 지하1층 (신림동)",8760,비너스,2013-04-15 17:07:05,2018-08-31 23:59:59.0,룸살롱,193646.55170578,442708.432221592,126.92895148089238,37.486549842740445
120,3200000-102-2011-00006,20110908,영업/정상,영업,,47.79,151876,서울특별시 관악구 신림동 537-33번지 지상2층 ,"서울특별시 관악구 난곡로65길 2 (신림동,지상2층)",8767,유정노래광장,2018-10-17 13:29:46,2018-10-19 02:37:00.0,룸살롱,192323.471369036,442261.895149551,126.91399632737364,37.482516408310495
121,3200000-102-2011-00007,20110920,영업/정상,영업,02  583 3785,73.08,151800,서울특별시 관악구 남현동 1061-9 ,"서울특별시 관악구 남현1길 68-10, 지하1층 (남현동)",8807,파파,2021-07-15 09:15:37,2021-07-17 02:40:00.0,룸살롱,198257.694991475,441469.835847176,126.981091983355,37.47541058502077
122,3200000-102-1999-09243,19991220,영업/정상,영업,02 8574626,46.80,151080,"서울특별시 관악구 남현동 1061-9번지 ,10 ","서울특별시 관악구 남현1길 68-10 (남현동,,10)",8807,코코,2014-03-13 16:21:05,2018-08-31 23:59:59.0,룸살롱,198257.694991475,441469.835847176,126.981091983355,37.47541058502077
123,3200000-102-2011-00009,20111019,영업/정상,영업,,98.97,151930,서울특별시 관악구 신림동 1640-13번지 지상3층 ,"서울특별시 관악구 신림로 329 (신림동,지상3층)",8776,#(샵),2017-01-04 13:27:15,2018-08-31 23:59:59.0,비어(바)살롱,193688.002534384,442387.531613201,126.9294229366971,37.48365881379191
124,3200000-102-2012-00001,20120313,영업/정상,영업,02  888 6002,60.90,151892,서울특별시 관악구 신림동 1431-7 2층호,"서울특별시 관악구 신림로 365, 2층호 (신림동)",8760,옹달샘,2021-11-26 16:12:20,2021-11-28 02:40:00.0,룸살롱,193637.451330276,442741.110638087,126.92884829928036,37.4868442120908
125,3200000-102-2000-10523,20000628,영업/정상,영업,,67.20,151892,서울특별시 관악구 신림동 1431-18,"서울특별시 관악구 신림동1길 25-6, 1층 (신림동)",8760,372,2022-12-07 11:57:10,2021-11-02 00:09:00.0,룸살롱,193636.167519073,442688.22950769,126.92883424494973,37.48636774407898
126,3200000-102-2012-00006,20120608,영업/정상,영업,,68.12,151811,서울특별시 관악구 봉천동 861-4번지 ,서울특별시 관악구 관악로 183 (봉천동),8758,사루비아,2019-01-08 11:05:23,2019-01-10 02:40:00.0,룸살롱,195730.005651049,442166.023650187,126.95251194889188,37.48167485556771
127,3200000-102-2012-00008,20120810,영업/정상,영업,,32.25,151892,서울특별시 관악구 신림동 1431-4 ,"서울특별시 관악구 신림로 367, 3층 (신림동)",8760,홀인원 노래,2021-10-05 15:09:01,2021-10-07 02:40:00.0,룸살롱,193626.320182819,442773.071654397,126.92872216134626,37.487132103414616
128,3200000-102-1999-09579,19990803,영업/정상,영업,02  886 6177,94.84,151892,서울특별시 관악구 신림동 1431-41번지 ,서울특별시 관악구 신림동길 3 (신림동),8760,우주노래빠,2018-11-06 09:34:20,2018-11-08 02:37:00.0,룸살롱,193594.710355734,442792.293354418,126.92836458263704,37.48730507020901
129,3200000-102-1999-09526,19990819,영업/정상,영업,02 8898999,94.24,151015,"서울특별시 관악구 신림동 1431-4 ,5 ","서울특별시 관악구 신림로 367 (신림동,,5)",8760,엘레강스,2020-11-18 18:10:31,2020-11-20 02:40:00.0,룸살롱,193626.320182819,442773.071654397,126.92872216134626,37.487132103414616
130,3200000-102-1980-07823,19801024,영업/정상,영업,,93.30,151899,서울특별시 관악구 신림동 1568-1번지 ,"서울특별시 관악구 난곡로 302, 지하1층 (신림동)",8772,DJ(디제이)노래바,2019-12-20 16:30:47,2019-12-22 02:40:00.0,룸살롱,192403.860741324,442095.332266396,126.91490695961797,37.48101634541946
131,3200000-102-2004-00001,20040114,영업/정상,영업,02 8647280,67.69,151894,서울특별시 관악구 신림동 1474-27번지 지하1층 ,"서울특별시 관악구 난곡로63길 6, 지하1층 (신림동)",8771,써니노래바,2019-07-18 09:57:39,2019-07-20 02:40:00.0,카바레,192341.964494839,442114.145209749,126.91420696366076,37.4811853351643
132,3200000-102-2004-00002,20040310,영업/정상,영업,,95.72,151891,서울특별시 관악구 신림동 1425-17 ,"서울특별시 관악구 신림로 366, 지하1층 (신림동)",8753,블루문(Blue Moon),2021-10-17 12:41:32,2021-10-19 02:40:00.0,룸살롱,193677.989399073,442755.378931452,126.9293065345776,37.48697305044837
133,3200000-102-2004-00004,20040902,영업/정상,영업,02 8824417,"1,862.21",151890,서울특별시 관악구 신림동 1422-5 ,"서울특별시 관악구 신림로 340, 14,15층 (신림동)",8754,그랑프리,2021-11-22 13:53:58,2021-11-24 02:40:00.0,기타,193746.833837509,442510.775085572,126.93008704980696,37.48476964216752
134,3200000-102-2004-00005,20041030,영업/정상,영업,02 8838224,93.67,151892,서울특별시 관악구 신림동 1432-70 ,서울특별시 관악구 신림로 357 (신림동),8760,킹,2021-12-06 10:50:26,2021-12-08 02:40:00.0,룸살롱,193662.645671314,442668.044949837,126.92913380375415,37.48618606494736
135,3200000-102-2004-00007,20041130,영업/정상,영업,02  878 8646,56.56,151890,서울특별시 관악구 신림동 1422-20 ,"서울특별시 관악구 남부순환로181길 6 (신림동, 지하1층)",8754,스머프,2022-01-12 10:23:50,2022-01-14 02:40:00.0,룸살롱,193838.00572287,442520.948016475,126.93111780479524,37.484861919002455
136,3200000-102-2005-00001,20050118,영업/정상,영업,02 8777726,78.69,151834,서울특별시 관악구 봉천동 851-19번지 ,서울특별시 관악구 관악로 196 (봉천동),8737,유성노래빠주점,2019-08-30 15:30:15,2019-09-01 02:40:00.0,룸살롱,195844.387823458,442242.286588549,126.95380472884712,37.48236251489718
137,3200000-102-2005-00003,20050304,영업/정상,영업,02  872 5064,49.83,151848,서울특별시 관악구 봉천동 855-1번지 ,"서울특별시 관악구 관악로14길 14, 지하1층 (봉천동)",8788,캐슬주점,2013-06-03 13:48:22,2018-08-31 23:59:59.0,룸살롱,195798.749153753,441877.380208228,126.95329084143071,37.479074493441
138,3200000-102-1999-09254,19991215,영업/정상,영업,0234868939,98.98,151800,서울특별시 관악구 남현동 1061-14번지 ,서울특별시 관악구 남현1길 68-18 (남현동),8807,하와이,2019-05-31 09:17:40,2019-06-04 02:40:00.0,룸살롱,198265.804887714,441420.257124856,126.98118378807314,37.4749638952429
139,3200000-102-1999-07733,19991215,영업/정상,영업,02 8887663,297.44,151892,서울특별시 관악구 신림동 1433-86번지 ,서울특별시 관악구 남부순환로 1597 (신림동),8759,프랑스스텐드바,2020-05-26 16:33:12,2020-05-28 02:40:00.0,스텐드바,193550.979729291,442458.424808358,126.92787307535568,37.484296606474665
140,3200000-102-1979-07811,19790714,영업/정상,영업,02 8777295,77.67,151891,서울특별시 관악구 신림동 1429-16 ,서울특별시 관악구 신림로 387 (신림동),8707,홀인원,2020-10-16 10:03:55,2020-10-18 02:40:00.0,룸살롱,193567.255349472,442940.902180929,126.92805283920076,37.48864384307327
141,3200000-102-1980-07815,19800123,영업/정상,영업,,98.23,151930,서울특별시 관악구 신림동 1641-10 ,서울특별시 관악구 신림로 322-1 (신림동),8777,텐프로,2021-09-02 10:12:54,2021-09-04 02:40:00.0,간이주점,193748.074171906,442333.077344404,126.93010259754271,37.48316859290068
142,3200000-102-2005-00002,20050218,영업/정상,영업,02849 716,66.00,151892,서울특별시 관악구 신림동 1431-10,서울특별시 관악구 신림로 363-1 (신림동),8760,퍼펙트 노래바,2022-11-30 11:35:08,2021-11-02 00:02:00.0,룸살롱,193646.560679034,442722.612162982,126.92895145878356,37.48667760410126
143,3200000-102-2005-00005,20050913,영업/정상,영업,02 8897753,81.70,151930,서울특별시 관악구 신림동 1640-13 지상4층 ,"서울특별시 관악구 신림로 329 (신림동,지상4층)",8776,원?투?쓰리,2021-06-29 16:11:23,2021-07-01 02:40:00.0,룸살롱,193688.002534384,442387.531613201,126.9294229366971,37.48365881379191
144,3200000-102-2006-00001,20060407,영업/정상,영업,02 8719815,25.76,151892,서울특별시 관악구 신림동 1431-20 지상2층 ,"서울특별시 관악구 신림로67길 8 (신림동,지상2층)",8760,짱노래주점,2020-11-24 09:17:07,2020-11-26 02:40:00.0,룸살롱,193625.846146877,442672.467725354,126.9287176809818,37.48622565853803
145,3200000-102-2006-00002,20060807,영업/정상,영업,02 8854722,81.78,151836,서울특별시 관악구 봉천동 863-4번지 ,서울특별시 관악구 관악로 157 (봉천동),8787,테마노래바,2019-11-13 13:38:23,2019-11-15 02:40:00.0,룸살롱,195689.145054044,441921.6586638,126.95205142598527,37.479472930856446
146,3200000-102-2006-00003,20060825,영업/정상,영업,02 8556088,61.69,151903,서울특별시 관악구 신림동 1655-4번지 지하1층 ,"서울특별시 관악구 조원로2길 8 (신림동,지하1층)",8769,수궁,2019-10-08 17:18:21,2019-10-10 02:40:00.0,룸살롱,191319.870378005,442341.997047644,126.90264844297852,37.48322917710004
147,3200000-102-2007-00001,20070108,영업/정상,영업,02 8859999,86.07,151930,서울특별시 관악구 신림동 1639-8번지 ,"서울특별시 관악구 남부순환로 1592, 지하1층 (신림동)",8776,공주노래빠,2020-03-31 10:29:40,2020-04-02 02:40:00.0,룸살롱,193526.538664891,442390.011181772,126.92759733984188,37.483680026756495
148,3200000-102-2013-00002,20130724,영업/정상,영업,02  838 0066,63.84,151903,서울특별시 관악구 신림동 1655 ,"서울특별시 관악구 시흥대로 570, 지하1층 (신림동)",8769,쿨,2020-06-30 14:13:18,2020-07-02 02:40:00.0,룸살롱,191303.792863813,442376.389028958,126.90246625632224,37.4835388966294
149,3200000-102-1980-07763,19800610,영업/정상,영업,02 8551500,177.81,151904,서울특별시 관악구 신림동 1668-15 지하1층,"서울특별시 관악구 남부순환로 1377 (신림동,지하1층)",8768,아마존,2022-08-31 11:59:12,2021-12-09 00:02:00.0,스텐드바,191423.901538279,442003.403775704,126.90382862472453,37.48017942887129
150,3200000-102-2013-00003,20130726,영업/정상,영업,02  874 7220,62.61,151892,서울특별시 관악구 신림동 1433-104,"서울특별시 관악구 남부순환로 1591-6, 지하1층 (신림동)",8759,오케이(OK),2022-08-29 16:39:20,2021-12-07 21:01:00.0,룸살롱,193497.894787693,442467.452202212,126.92727279028102,37.4843775677289
151,3200000-102-2007-00005,20071214,영업/정상,영업,02  63491019,89.48,151892,서울특별시 관악구 신림동 1431-15번지 ,"서울특별시 관악구 신림로 361, 지하1층 (신림동)",8760,소녀시대,2019-10-30 14:35:36,2019-11-01 02:40:00.0,룸살롱,193651.400790147,442694.194137711,126.9290064326662,37.48642159123482
152,3200000-102-2008-00001,20080129,영업/정상,영업,02871 3947,68.18,151892,서울특별시 관악구 신림동 1432-77 ,"서울특별시 관악구 신림로 355, 지상2층 (신림동)",8760,벤틀리룸노래빠,2020-09-10 11:08:06,2020-09-12 02:40:00.0,룸살롱,193668.136887283,442651.560541445,126.92919603488576,37.4860375784024
153,3200000-102-2008-00003,20080218,영업/정상,영업,,60.43,151892,서울특별시 관악구 신림동 1431-1번지 지상2층 ,"서울특별시 관악구 신림로 373, 지상2층 (신림동)",8760,쇼,2012-05-02 15:04:11,2018-08-31 23:59:59.0,룸살롱,193610.378560826,442802.92355539,126.92854164905737,37.487400957877206
154,3200000-102-2008-00005,20080227,영업/정상,영업,02 8857875,95.04,151892,서울특별시 관악구 신림동 1431-4 외1필지 지상3층 ,"서울특별시 관악구 신림로 367 (신림동,외1필지 지상3층)",8760,홀인원 클럽,2021-10-01 15:28:06,2021-10-03 02:40:00.0,룸살롱,193626.320182819,442773.071654397,126.92872216134626,37.487132103414616
155,3200000-102-2008-00007,20080506,영업/정상,영업,02  64088515,51.09,151892,서울특별시 관악구 신림동 1431-15 3층 ,"서울특별시 관악구 신림로 361 (신림동,3층)",8760,WINNER(위너),2021-10-05 07:40:33,2021-10-07 02:40:00.0,룸살롱,193651.400790147,442694.194137711,126.9290064326662,37.48642159123482
156,3200000-102-2008-00012,20081229,영업/정상,영업,02  884 2777,328.09,151890,서울특별시 관악구 신림동 1421-29번지 지하1층 ,"서울특별시 관악구 신림로 344 (신림동,지하1층)",8754,준코뮤직타운 신림1호점,2018-04-27 09:50:28,2018-08-31 23:59:59.0,룸살롱,193735.829747067,442552.922888015,126.92996226917978,37.48514931878216
157,3200000-102-2009-00001,20090219,영업/정상,영업,02 8853350,75.70,151930,서울특별시 관악구 신림동 1640-31번지 지하1층 ,"서울특별시 관악구 신림로59길 14, 지하1층 (신림동)",8776,장윤정노래빠,2019-10-28 14:19:38,2019-10-30 02:40:00.0,룸살롱,193630.488645251,442347.332984944,126.92877301286164,37.48329622533405
158,3200000-102-2009-00003,20090713,영업/정상,영업,02  882 0990,77.76,151892,서울특별시 관악구 신림동 1433-48 ,"서울특별시 관악구 남부순환로 1601-1, 지하1층 (신림동)",8759,팝콘노래빠,2021-01-13 15:31:29,2021-01-15 02:40:00.0,룸살롱,193616.910814901,442466.799563026,126.92861845151202,37.48437252531831
159,3200000-102-2009-00004,20090804,영업/정상,영업,,56.10,151899,서울특별시 관악구 신림동 1569-4번지 ,서울특별시 관악구 난곡로 306 (신림동),8772,훌날라노래밤,2018-08-20 17:05:59,2018-08-31 23:59:59.0,룸살롱,192396.74072679,442122.994381623,126.91482617283712,37.48126552224434
160,3200000-102-2009-00005,20090828,영업/정상,영업,02  877 1243,287.40,151930,서울특별시 관악구 신림동 1640-31번지 ,"서울특별시 관악구 신림로59길 14 (신림동, 지하2층)",8776,준코뮤직타운 신림2호점,2019-01-23 09:51:26,2019-01-25 02:40:00.0,룸살롱,193630.488645251,442347.332984944,126.92877301286164,37.48329622533405
161,3200000-102-2001-11323,20010918,영업/정상,영업,02 8772526,88.00,151834,서울특별시 관악구 봉천동 858-7번지 ,서울특별시 관악구 남부순환로 1827 (봉천동),8738,리치,2019-05-21 08:44:33,2019-05-23 02:40:00.0,룸살롱,195808.057089754,442130.000840156,126.95339461477664,37.481350652234894
162,3200000-102-2001-11336,20011017,영업/정상,영업,,83.51,151800,서울특별시 관악구 남현동 1059-9번지 ,서울특별시 관악구 남현1길 19 (남현동),8806,1.2.3.노래팡,2019-04-27 11:27:21,2019-04-30 02:40:00.0,룸살롱,198034.397235247,441532.910269161,126.97856739173652,37.47597842387132
163,3200000-102-2001-11338,20011023,영업/정상,영업,02 851 647,79.60,151875,서울특별시 관악구 신림동 527-10 ,"서울특별시 관악구 남부순환로 1483, 지하1층 (신림동)",8761,오페라 하우스,2021-11-17 13:36:31,2021-11-19 02:40:00.0,룸살롱,192437.570727728,442237.51455687,126.9152866125533,37.48229768751702
164,3200000-102-2001-11339,20011101,영업/정상,영업,02  877 0166,71.86,151892,서울특별시 관악구 신림동 1431-10 ,서울특별시 관악구 신림로 363-1 (신림동),8760,스타일,2022-01-12 09:04:27,2022-01-14 02:40:00.0,룸살롱,193646.560679034,442722.612162982,126.92895145878356,37.48667760410126
165,3200000-102-2001-11340,20011204,영업/정상,영업,02 8841165,71.05,151930,서울특별시 관악구 신림동 1638-15번지 ,"서울특별시 관악구 신원로 39, 지하1층 (신림동)",8776,전국노래장,2018-04-23 13:34:45,2018-08-31 23:59:59.0,룸살롱,193685.367083778,442254.360437013,126.92939429251037,37.48245892232131
166,3200000-102-2001-11343,20011224,영업/정상,영업,02 8302267,96.56,151876,서울특별시 관악구 신림동 530-29번지 ,"서울특별시 관악구 난곡로 325 (신림동, 지하1층)",8767,울랄라노래빠,2015-11-16 13:28:05,2018-08-31 23:59:59.0,룸살롱,192327.36020231,442321.735092546,126.91403966685692,37.48305559902075
167,3200000-102-2017-00002,20170519,영업/정상,영업,,55.08,151930,서울특별시 관악구 신림동 1638-3번지 ,"서울특별시 관악구 신림로59길 17, 지하1층 (신림동)",8776,싱크홀 (sinkhole),2017-05-19 09:14:06,2018-08-31 23:59:59.0,고고(디스코)클럽,193631.500077078,442309.987468878,126.92878477460394,37.48295974900525
168,3200000-102-2017-00003,20170801,영업/정상,영업,02 8773202,97.51,151930,서울특별시 관악구 신림동 1639-17 지하1층 ,"서울특별시 관악구 남부순환로 1594, 지하1층 (신림동)",8776,소풍,2020-12-10 10:24:10,2020-12-12 02:40:00.0,룸살롱,193540.457686752,442393.833791186,126.92775468003506,37.48371456683798
169,3200000-102-2017-00004,20170921,영업/정상,영업,,90.80,151891,서울특별시 관악구 신림동 1425-29번지 ,"서울특별시 관악구 봉천로12길 34, 지하1층 (신림동)",8753,희원비즈니스,2017-09-22 10:34:34,2018-08-31 23:59:59.0,룸살롱,193702.496959641,442777.310604345,126.9295834496137,37.48717082387628
170,3200000-102-2017-00005,20171010,영업/정상,영업,,89.82,151930,서울특별시 관악구 신림동 1640-6 ,"서울특별시 관악구 남부순환로 1604, 지하1층 (신림동)",8776,썸 노래빠,2020-08-25 10:25:55,2020-08-27 02:40:00.0,룸살롱,193643.69594836,442417.395558964,126.92892172844836,37.483927581416935
171,3200000-102-2018-00001,20180430,영업/정상,영업,,272.63,151892,서울특별시 관악구 신림동 1432-79 ,"서울특별시 관악구 신림로 349, WD호텔 3층 (신림동)",8760,명월,2020-11-19 15:40:54,2020-11-21 02:40:00.0,노래클럽,193672.292011766,442595.201521853,126.9292435050081,37.48552981220176
172,3200000-102-2009-00006,20090915,영업/정상,영업,,68.07,151930,서울특별시 관악구 신림동 1640-31번지 지상2층 ,"서울특별시 관악구 신림로59길 14 (신림동,지상2층)",8776,조이,2020-04-10 09:15:42,2020-04-12 02:40:00.0,간이주점,193630.488645251,442347.332984944,126.92877301286164,37.48329622533405
173,3200000-102-2009-00007,20090923,영업/정상,영업,,72.83,151892,서울특별시 관악구 신림동 1432-76 지상6층 ,"서울특별시 관악구 신림로 351 (신림동,지상6층)",8760,Ace룸클럽,2021-11-01 09:58:14,2021-11-03 02:40:00.0,간이주점,193671.180923103,442608.256980594,126.92923082895676,37.48564743424582
174,3200000-102-2009-00008,20090925,영업/정상,영업,02  871 3888,63.73,151892,서울특별시 관악구 신림동 1432-68번지 ,서울특별시 관악구 신림로67길 5 (신림동),8760,24케이(24K),2019-04-30 10:52:28,2019-05-02 02:40:00.0,룸살롱,193647.640968801,442655.087922177,126.92896426178056,37.48606921804103
175,3200000-102-2009-00009,20090930,영업/정상,영업,,90.83,151890,서울특별시 관악구 신림동 1423-22번지 ,서울특별시 관악구 신림로66길 13 (신림동),8754,잠자리클럽,2019-03-29 14:44:53,2019-03-31 02:40:00.0,룸살롱,193776.075917276,442597.46066594,126.93041693721943,37.48555087903917
176,3200000-102-2009-00010,20091007,영업/정상,영업,,94.96,151836,서울특별시 관악구 봉천동 868-2번지 ,서울특별시 관악구 남부순환로220길 16 (봉천동),8787,W플러스,2018-10-01 15:25:55,2018-10-03 02:36:09.0,룸살롱,195641.591345747,442039.443143661,126.95151308745608,37.48053394460808
177,3200000-102-2010-00001,20100211,영업/정상,영업,,93.24,151930,서울특별시 관악구 신림동 1640-40번지 ,"서울특별시 관악구 신림로59길 10, 지하1층 (신림동)",8776,아라아라,2019-05-02 13:53:53,2019-05-04 02:40:00.0,룸살롱,193668.2563763,442332.218262689,126.92920015906968,37.48316030369503
178,3200000-102-2010-00002,20100525,영업/정상,영업,,78.65,151811,서울특별시 관악구 봉천동 861-11번지 ,"서울특별시 관악구 관악로 185 (봉천동, 지하1층)",8758,69노래바,2012-04-20 16:53:11,2018-08-31 23:59:59.0,룸살롱,195739.860038576,442173.882915573,126.95262331749204,37.48174571380851
179,3200000-102-2010-00004,20100716,영업/정상,영업,,98.20,151892,서울특별시 관악구 신림동 1432-68번지 ,서울특별시 관악구 신림로67길 5 (신림동),8760,파라다이스,2019-08-29 18:50:04,2019-08-31 02:40:00.0,룸살롱,193647.640968801,442655.087922177,126.92896426178056,37.48606921804103
180,3200000-102-2010-00005,20100726,영업/정상,영업,,55.74,151892,서울특별시 관악구 신림동 1432-64번지 ,"서울특별시 관악구 신림로67길 9, 지상2층 (신림동)",8760,용노래빠,2019-05-08 09:38:42,2019-05-10 02:40:00.0,룸살롱,193632.713666115,442655.969897135,126.92879547462168,37.48607706088012
181,3200000-102-2010-00008,20101013,영업/정상,영업,02  874 0466,63.05,151890,서울특별시 관악구 신림동 1424-11 지상3층 ,"서울특별시 관악구 신림로 356 (신림동,지상3층)",8754,W노래클럽,2021-11-25 09:14:51,2021-11-27 02:40:00.0,룸살롱,193715.720946633,442661.600592493,126.92973396974836,37.48612836737644
182,3200000-102-2010-00009,20101215,영업/정상,영업,02  873 7959,59.09,151930,서울특별시 관악구 신림동 1639-21번지 (지상2층) ,"서울특별시 관악구 남부순환로 1594-6 (신림동,(지상2층))",8776,W유흥주점,2016-11-16 17:42:40,2018-08-31 23:59:59.0,룸살롱,193562.320470182,442380.789481681,126.92800198470516,37.48359719158049
183,3200000-102-2010-00010,20101216,영업/정상,영업,02  389 5033,45.42,151875,서울특별시 관악구 신림동 527-5번지 ,"서울특별시 관악구 난곡로66길 12, 지하1층 (신림동)",8761,카라노래빠,2016-04-01 13:28:44,2018-08-31 23:59:59.0,룸살롱,192415.898337721,442258.117495966,126.91504136647694,37.48248314103555
184,3200000-102-2002-00010,20020830,영업/정상,영업,02  888 0087,39.98,151892,서울특별시 관악구 신림동 1431-41번지 ,서울특별시 관악구 신림동길 3 (신림동),8760,와우노래바,2019-12-23 15:20:00,2019-12-25 02:40:00.0,룸살롱,193594.710355734,442792.293354418,126.92836458263704,37.48730507020901
185,3200000-102-2002-00013,20021016,영업/정상,영업,,46.25,151891,서울특별시 관악구 신림동 1425-13 ,"서울특별시 관악구 신림로 362, 3층 (신림동)",8753,팡팡,2021-03-19 15:43:37,2021-03-21 02:40:00.0,룸살롱,193696.427549642,442721.31539019,126.92951530740518,37.48666626511173
186,3200000-102-2010-00006,20100924,영업/정상,영업,,83.34,151892,서울특별시 관악구 신림동 1431-16,"서울특별시 관악구 신림로 359, 지하1층 (신림동)",8760,야구장 노래클럽,2022-10-25 11:11:35,2021-10-30 22:07:00.0,룸살롱,193657.227469215,442684.677286814,126.92907239664224,37.48633588479857
187,3200000-102-2010-00003,20100526,영업/정상,영업,,85.05,151892,서울특별시 관악구 신림동 1432-73,서울특별시 관악구 신림로 353 (신림동),8760,샵인,2022-07-15 15:34:54,2021-12-06 23:07:00.0,룸살롱,193667.814824278,442621.679865443,126.92919265291452,37.48576835119263
188,3200000-102-2009-00013,20091222,영업/정상,영업,02  882 1257,76.20,151930,서울특별시 관악구 신림동 1638-17 지하1층,"서울특별시 관악구 신림로 317, 지하1층 (신림동)",8776,물고기,2022-12-06 11:16:27,2021-11-02 00:08:00.0,룸살롱,193708.25432954,442276.901107272,126.9296528662029,37.48266217160909
189,3200000-102-2001-11342,20011221,영업/정상,영업,02  886 9492,92.43,151930,서울특별시 관악구 신림동 1639-16,서울특별시 관악구 남부순환로 1592-5 (신림동),8776,메카노래빠,2022-07-21 13:51:55,2021-12-06 22:03:00.0,룸살롱,193551.235689789,442377.414676747,126.92787668570608,37.48356670652471
